id,where,manuscript_2026_10_07,reproduced,revised,matches_manuscript,revision,note
corpus_comments,Abstract; Dataset Construction,"804,437","804,437","804,437",yes,unchanged,
corpus_users,Dataset Construction,"24,193","24,193","24,192",yes,changed,
users_male,Dataset Construction,"11,270 (46.6%)","11,270 (46.6%)","11,270 (46.6%)",yes,unchanged,
users_female,Dataset Construction,"5,484 (22.7%)","5,484 (22.7%)","5,484 (22.7%)",yes,unchanged,
users_unknown,Dataset Construction,"7,439 (30.7%)","7,439 (30.7%)","7,438 (30.7%)",yes,changed,
comments_per_user,Dataset Construction,45.7/36.7/11.8,45.7/36.7/11.8,45.7/36.7/11.6,yes,changed,
days_active,Dataset Construction,666/416/276,667/416/276,667/416/276,rounding,unchanged,manuscript truncated 666.6 to 666
male_comment_share,Discussion (nearly two-thirds),nearly two-thirds,64%,64%,yes,unchanged,
human_annotations,Abstract; Human Validation,"19,301 / 170 / 12,232","19,301 / 170 / 12,232","19,301 / 170 / 12,232",yes,unchanged,
tasks_kappa_gt_0.6,Human Validation (more than half),more than half,14 of 25,14 of 25,yes,unchanged,
kappa_politeness,Figure 1 legend,0.81,0.80,0.80,rounding,unchanged,0.802 reported as 0.81
score3_share_toxicity,Interpretation of Agreement,74.3%,74.3%,74.3%,yes,unchanged,
score3_share_groupgen,Interpretation of Agreement,77.6%,77.6%,77.6%,yes,unchanged,
score4_share_hate,Interpretation of Agreement,57.9%,57.9%,57.9%,yes,unchanged,
model_sample,Statistical Methods,"11,270/5,484/7,439 users","804,437 comments x topics; 11,270/5,484/7,439 users","797,306 comments; 11,264/5,479/7,425 users",yes,changed,
hate_min_category,Results (no category below 20%),20%,21%,21%,yes,unchanged,
hate_lgbt_eth_rel,Results (60-62%),60-62%,62%/60%/60%,62%/60%/60%,rounding,unchanged,59.7% reported as 60%
toxic_range_categories,Results,79%-91%,79%-91%,79%-91%,yes,unchanged,
toxic_min_named_gt10,Results (roughly 60% or higher),60%,62%,62%,rounding,unchanged,62% reported as roughly 60%
n_mideast_eth_black,Discussion,511/406,511/406,511/406,yes,unchanged,
n_mideast_nat_icelanders,Discussion,890/1388,890/1388,890/1388,yes,unchanged,
women_hate,Discussion,24% (15%),24% (15%),24% (15%),yes,unchanged,
men_hate,Discussion,14% (7%),14% (7%),14% (7%),yes,unchanged,
addiction_toxic_hate,Limitations,92%/8%,92%/8%,92%/8%,yes,unchanged,
atheism_toxic_hate,Limitations,79%/8%,79%/8%,79%/8%,yes,unchanged,
lgbt_max_share,Results (LGBTQIA+),3.0%,3.0%,3.0%,yes,unchanged,
peaks_men_disability,Figure 5 and 7 legends,9/4,9/4,9/4,yes,unchanged,
fig2_joy_2024,Results (Fig 2),+0.1,+0.09,+0.09,yes,unchanged,
fig2_hate_2024,Results (Fig 2),+0.13,+0.13,+0.13,yes,unchanged,
feedback_share_eight,Human Validation (new),,50%,50%,n/a,new,
feedback_annotators_eight,Human Validation (new),,65 of 163,65 of 163,n/a,new,
kappa_toxicity_on_off,Human Validation (new),,0.71 vs 0.53,0.71 vs 0.53,n/a,new,
kappa_hate_on_off,Human Validation (new),,0.69 vs 0.49,0.69 vs 0.49,n/a,new,
s18_precision,"Limitations (manual validation, Table S18)",43% (36-51%); 54/38/38%; 82%/33%,,,n/a,not_reproducible,
