Estimate,Std. Error,t value,group,outcome,upper,lower,gender
1.3013233535823587,0.053031373232971836,24.538745166290948,(Intercept),toxicity,1.4073861000483023,1.1952606071164151,(Intercept)
-0.5361055555431604,0.016026347716521963,-33.4515115374962,newgenderfemale,toxicity,-0.5040528601101165,-0.5681582509762043,female
0.2571435950519105,0.014778873075424203,17.399404794910563,newgenderunknown,toxicity,0.28670134120275886,0.22758584890106207,unknown
2.437655832301386,0.04751166637386344,51.30646888113275,(Intercept),politeness,2.532679165049113,2.342632499553659,(Intercept)
0.6189083222568191,0.014861234798905288,41.64582086425344,newgenderfemale,politeness,0.6486307918546297,0.5891858526590086,female
-0.3236250126388175,0.01369943768022396,-23.62323331752452,newgenderunknown,politeness,-0.29622613727836955,-0.3510238879992654,unknown
0.08837172706317076,0.01798202884337005,4.914446964406538,(Intercept),hate_speech_presence,0.12433578474991086,0.052407669376430654,(Intercept)
-0.042364791228070964,0.006465121553353856,-6.552822074334201,newgenderfemale,hate_speech_presence,-0.02943454812136325,-0.05529503433477868,female
0.04637890684340016,0.005970954319085756,7.76741947181761,newgenderunknown,hate_speech_presence,0.05832081548157167,0.03443699820522865,unknown
1.4715047240793793,0.07085471720707642,20.767914714539526,(Intercept),emotion_anger,1.6132141584935322,1.3297952896652263,(Intercept)
-0.5665499398246361,0.01773807379933458,-31.939766754487707,newgenderfemale,emotion_anger,-0.531073792225967,-0.6020260874233052,female
0.1956049390750493,0.01636531598968559,11.952408324919077,newgenderunknown,emotion_anger,0.22833557105442048,0.16287430709567813,unknown
0.8689141416895599,0.06870262415817889,12.647466560942384,(Intercept),emotion_joy,1.0063193900059177,0.7315088933732021,(Intercept)
0.9336988126204031,0.017488867484891583,53.38818041974496,newgenderfemale,emotion_joy,0.9686765475901863,0.8987210776506199,female
-0.12641873533192746,0.01611376039482741,-7.8453900414523,newgenderunknown,emotion_joy,-0.09419121454227264,-0.15864625612158229,unknown
0.45724190586450353,0.02621999873686866,17.438670018757975,(Intercept),emotion_sadness,0.5096819033382408,0.4048019083907662,(Intercept)
0.03807806773843711,0.0095854696995999,3.9724780247363882,newgenderfemale,emotion_sadness,0.057249007137636906,0.01890712833923731,female
0.01352279240879613,0.008863915725298864,1.5256002908737247,newgenderunknown,emotion_sadness,0.03125062385939386,-0.004205039041801599,unknown
0.2523187547509117,0.020595104309041025,12.251394844363402,(Intercept),emotion_fear,0.29350896336899374,0.21112854613282966,(Intercept)
-0.04469129729629664,0.007012080168801459,-6.3734720967880065,newgenderfemale,emotion_fear,-0.03066713695869372,-0.058715457633899557,female
0.025077983826751932,0.006508127597234001,3.8533331518285303,newgenderunknown,emotion_fear,0.03809423902121993,0.01206172863228393,unknown
0.7807580818701698,0.03791696060834545,20.59126230962527,(Intercept),emotion_disgust,0.8565920030868607,0.704924160653479,(Intercept)
-0.3000321342105977,0.012916380481170584,-23.228808925842856,newgenderfemale,emotion_disgust,-0.27419937324825655,-0.3258648951729389,female
0.18188091906763562,0.011933702535133461,15.240946263925084,newgenderunknown,emotion_disgust,0.20574832413790253,0.1580135139973687,unknown
1.1576946127912513,0.05201860075448185,22.25539703106116,(Intercept),emotion_contempt,1.261731814300215,1.0536574112822876,(Intercept)
-0.52051713572668,0.01578190815282684,-32.98188854517225,newgenderfemale,emotion_contempt,-0.4889533194210263,-0.5520809520323336,female
0.20486074503409316,0.014576904265802378,14.053789563172156,newgenderunknown,emotion_contempt,0.23401455356569792,0.1757069365024884,unknown
1.5570640179215431,0.07664476303857883,20.31533474945707,(Intercept),emotion_indignation,1.7103535439987008,1.4037744918443855,(Intercept)
-0.5666840046345774,0.018109014131372756,-31.29292409424056,newgenderfemale,emotion_indignation,-0.5304659763718318,-0.6029020328973229,female
0.14799403434845823,0.016712305978612032,8.855392818792158,newgenderunknown,emotion_indignation,0.1814186463056823,0.11456942239123416,unknown
0.9438112344631472,0.019448313836800832,48.52920630462226,(Intercept),emotion_neutral,0.9827078621367489,0.9049146067895455,(Intercept)
-0.2590257276623317,0.015245624835696064,-16.990168028787483,newgenderfemale,emotion_neutral,-0.22853447799093954,-0.2895169773337238,female
-0.07956383660708838,0.014184485227991856,-5.609215655572472,newgenderunknown,emotion_neutral,-0.05119486615110466,-0.1079328070630721,unknown
0.834452347829767,0.01847103729554057,45.176258077895135,(Intercept),sarcasm,0.8713944224208481,0.7975102732386858,(Intercept)
-0.34343235786037446,0.013880056614477373,-24.742864341213334,newgenderfemale,sarcasm,-0.31567224463141974,-0.3711924710893292,female
0.22133411772324607,0.012866533275270103,17.202311841734204,newgenderunknown,sarcasm,0.24706718427378627,0.19560105117270588,unknown
0.5162209375323028,0.03581252576563323,14.414535878049794,(Intercept),sympathy,0.5878459890635692,0.44459588600103633,(Intercept)
0.3783034317124562,0.01123116470927386,33.683366018137136,newgenderfemale,sympathy,0.4007657611310039,0.3558411022939085,female
-0.04252884952521323,0.010378146153364153,-4.097923549807321,newgenderunknown,sympathy,-0.021772557218484923,-0.06328514183194153,unknown
0.4198999433698388,0.028124674575437866,14.929948513486098,(Intercept),group_generalization_presence,0.4761492925207146,0.36365059421896306,(Intercept)
-0.18404354739367917,0.010138389367076072,-18.153134657794034,newgenderfemale,group_generalization_presence,-0.16376676865952702,-0.20432032612783133,female
0.08137169767850945,0.00938503365455175,8.670368234539477,newgenderunknown,group_generalization_presence,0.10014176498761296,0.06260163036940594,unknown
2.224031532895808,0.04903672460073107,45.35440633534179,(Intercept),social_acceptability_strangers,2.32210498209727,2.125958083694346,(Intercept)
0.5702461092390096,0.014305010324377311,39.86338326979377,newgenderfemale,social_acceptability_strangers,0.5988561298877643,0.541636088590255,female
-0.2566325714522803,0.013193432960396176,-19.45153867250742,newgenderunknown,social_acceptability_strangers,-0.23024570553148796,-0.28301943737307267,unknown
2.8706816554540326,0.040491921872449634,70.89516927590489,(Intercept),social_acceptability_acquaintances,2.9516654991989317,2.7896978117091336,(Intercept)
0.4713280119066121,0.012804586261018578,36.80931209323736,newgenderfemale,social_acceptability_acquaintances,0.49693718442864926,0.44571883938457496,female
-0.26872418222601857,0.011807577291588574,-22.758621484311693,newgenderunknown,social_acceptability_acquaintances,-0.24510902764284143,-0.2923393368091957,unknown
1.4071932218814311,0.031896093702776705,44.11804263538793,(Intercept),social_acceptability_parliament,1.4709854092869845,1.3434010344758778,(Intercept)
0.2721965191011809,0.016518472005610407,16.478311008955966,newgenderfemale,social_acceptability_parliament,0.30523346311240174,0.2391595750899601,female
-0.4176239745099396,0.015268412679481985,-27.352153971522625,newgenderunknown,social_acceptability_parliament,-0.38708714915097564,-0.44816079986890356,unknown
1.1707825214750545,0.06330131134523719,18.49539127380407,(Intercept),social_acceptability_educational_young,1.2973851441655289,1.04417989878458,(Intercept)
0.8126580505282628,0.01744143650511833,46.59352744768366,newgenderfemale,social_acceptability_educational_young,0.8475409235384994,0.7777751775180262,female
-0.2502624929201274,0.016094718809229955,-15.54935478441584,newgenderunknown,social_acceptability_educational_young,-0.2180730553016675,-0.2824519305385873,unknown
3.3881755231967627,0.023509356839438857,144.12029841296308,(Intercept),social_acceptability_close_friend,3.4351942368756405,3.341156809517885,(Intercept)
0.28874346112020427,0.008754058875349614,32.98395238502124,newgenderfemale,social_acceptability_close_friend,0.3062515788709035,0.27123534336950506,female
-0.17812893235378263,0.008080183178428653,-22.045160167819763,newgenderunknown,social_acceptability_close_friend,-0.16196856599692533,-0.19428929871063993,unknown
2.031256486709436,0.05054782607037527,40.18484363464843,(Intercept),social_acceptability_educational_older,2.1323521388501865,1.9301608345686854,(Intercept)
0.6144873318815853,0.014548701321863368,42.23657619241599,newgenderfemale,social_acceptability_educational_older,0.6435847345253121,0.5853899292378586,female
-0.24198284004468526,0.013432290240825397,-18.01500977913769,newgenderunknown,social_acceptability_educational_older,-0.21511825956303446,-0.26884742052633603,unknown
