peak_month,peak_value,abs_rank,generalized,peak_id,peak_day,peak_day_share,peak_day_count,n_comments_in_window,window_start,window_end
2008-09-01,0.0054198210598761,1,Christianity,1,2008-09-16,0.036036036036036,16.0,63,2008-09-01,2008-10-01
2014-06-01,0.0135728542914171,2,Christianity,2,2014-06-24,0.0592592592592592,8.0,29,2014-06-09,2014-07-09
2009-09-01,0.0034281796366129,3,Christianity,3,2009-09-21,0.0137362637362637,5.0,39,2009-09-06,2009-10-06
2012-02-01,0.0069342298802269,4,Christianity,4,2012-02-24,0.0348837209302325,6.0,34,2012-02-09,2012-03-10
2017-06-01,0.0114942528735632,5,Christianity,5,2017-06-25,0.0681818181818181,3.0,12,2017-06-10,2017-07-10
2015-10-01,0.0095671981776765,6,Christianity,6,2015-10-21,0.0510204081632653,5.0,21,2015-10-06,2015-11-05
2010-08-01,0.0034904013961605,7,Christianity,7,2010-08-27,0.0180505415162454,5.0,35,2010-08-12,2010-09-11
2008-01-01,0.0026466319474088,8,Christianity,8,2008-01-01,0.0236842105263157,9.0,39,2007-12-17,2008-01-16
2015-01-01,0.0059192200557103,9,Christianity,9,2015-01-04,0.0307692307692307,2.0,20,2014-12-20,2015-01-19
2011-07-01,0.0040921817790221,10,Christianity,10,2011-07-24,0.0346820809248554,6.0,22,2011-07-09,2011-08-08
2009-09-01,0.0015426808364758,1,Disability,1,2009-09-09,0.0116959064327485,4.0,14,2009-08-25,2009-09-24
2009-03-01,0.0007466401194624,3,Disability,3,2009-03-26,0.0063694267515923,3.0,7,2009-03-11,2009-04-10
2008-07-01,0.0007392348918868,4,Disability,4,2008-07-04,0.0060240963855421,2.0,12,2008-06-19,2008-07-19
2008-01-01,0.0006830017928797,5,Disability,5,2008-01-12,0.0065573770491803,2.0,6,2007-12-28,2008-01-27
2022-04-01,0.0224719101123595,1,Eastern Europe (nationalities),1,2022-04-10,0.12,3.0,17,2022-03-26,2022-04-25
2014-08-01,0.0051003060183611,2,Eastern Europe (nationalities),2,2014-08-29,0.0377358490566037,4.0,10,2014-08-14,2014-09-13
2008-02-01,0.0013886478042006,3,Eastern Europe (nationalities),3,2008-02-28,0.0088300220750551,4.0,14,2008-02-13,2008-03-14
2015-08-01,0.0066769388803287,4,Eastern Europe (nationalities),4,2015-08-30,0.0416666666666666,4.0,14,2015-08-15,2015-09-14
2018-03-01,0.0061842918985776,5,Eastern Europe (nationalities),5,2018-03-13,0.0454545454545454,2.0,9,2018-02-26,2018-03-28
2022-10-01,0.0110041265474552,6,Eastern Europe (nationalities),6,2022-10-10,0.1,1.0,9,2022-09-25,2022-10-25
2023-06-01,0.0087064676616915,7,Eastern Europe (nationalities),7,2023-06-24,0.1153846153846153,3.0,7,2023-06-09,2023-07-09
2008-12-01,0.0007819966982361,8,Eastern Europe (nationalities),8,2008-12-22,0.0069686411149825,2.0,9,2008-12-07,2009-01-06
2009-09-01,0.0007713404182379,9,Eastern Europe (nationalities),9,2009-09-15,0.0052219321148825,2.0,10,2009-08-31,2009-09-30
2017-07-01,0.005057803468208,10,Eastern Europe (nationalities),10,2017-07-25,0.0714285714285714,2.0,8,2017-07-10,2017-08-09
2020-06-01,0.0334448160535117,1,Ethnicities,1,2020-06-07,0.1578947368421052,3.0,40,2020-05-23,2020-06-22
2008-05-01,0.0028766335168899,2,Ethnicities,2,2008-05-25,0.0206185567010309,6.0,33,2008-05-10,2008-06-09
2013-10-01,0.0103783059926347,3,Ethnicities,3,2013-10-24,0.1123595505617977,10.0,31,2013-10-09,2013-11-08
2014-08-01,0.0102006120367222,4,Ethnicities,4,2014-08-02,0.0625,8.0,33,2014-07-18,2014-08-17
2018-07-01,0.0188253012048192,5,Ethnicities,5,2018-07-22,0.1463414634146341,6.0,26,2018-07-07,2018-08-06
2016-12-01,0.0122850122850122,6,Ethnicities,6,2016-12-28,0.0701754385964912,4.0,22,2016-12-13,2017-01-12
2009-01-01,0.0018225606977803,7,Ethnicities,7,2009-01-07,0.0068965517241379,3.0,33,2008-12-23,2009-01-22
2011-08-01,0.0041215868109222,8,Ethnicities,8,2011-08-08,0.0324324324324324,6.0,29,2011-07-24,2011-08-23
2012-07-01,0.0053007605439041,9,Ethnicities,9,2012-07-28,0.043010752688172,4.0,19,2012-07-13,2012-08-12
2017-12-01,0.0137681159420289,10,Ethnicities,10,2017-12-16,0.1333333333333333,4.0,19,2017-12-01,2017-12-31
2008-05-01,0.0083833319635078,1,"Foreigners, asylum seekers, refugees (general)",1,2008-05-12,0.0274599542334096,12.0,95,2008-04-27,2008-05-27
2014-06-01,0.0139720558882235,2,"Foreigners, asylum seekers, refugees (general)",2,2014-06-20,0.1037735849056603,11.0,31,2014-06-05,2014-07-05
2012-05-01,0.0094684742844846,3,"Foreigners, asylum seekers, refugees (general)",3,2012-05-11,0.0495049504950495,5.0,45,2012-04-26,2012-05-26
2016-07-01,0.0164835164835164,4,"Foreigners, asylum seekers, refugees (general)",4,2016-07-19,0.1176470588235294,4.0,29,2016-07-04,2016-08-03
2020-09-01,0.016270337922403,5,"Foreigners, asylum seekers, refugees (general)",5,2020-09-08,0.0869565217391304,4.0,26,2020-08-24,2020-09-23
2017-09-01,0.014430785676109,6,"Foreigners, asylum seekers, refugees (general)",6,2017-09-27,0.0727272727272727,4.0,27,2017-09-12,2017-10-12
2016-01-01,0.0121951219512195,7,"Foreigners, asylum seekers, refugees (general)",7,2016-01-21,0.0655737704918032,4.0,24,2016-01-06,2016-02-05
2011-05-01,0.0066480055983205,8,"Foreigners, asylum seekers, refugees (general)",8,2011-05-11,0.0544217687074829,8.0,37,2011-04-26,2011-05-26
2019-03-01,0.0129709697344039,9,"Foreigners, asylum seekers, refugees (general)",9,2019-03-17,0.0909090909090909,3.0,21,2019-03-02,2019-04-01
2018-06-01,0.0149253731343283,10,"Foreigners, asylum seekers, refugees (general)",10,2018-06-25,0.0847457627118644,5.0,16,2018-06-10,2018-07-10
2011-05-01,0.005073477956613,1,Icelanders,1,2011-05-07,0.0180995475113122,4.0,25,2011-04-22,2011-05-22
2010-06-01,0.0034069026810842,2,Icelanders,2,2010-06-24,0.0118343195266272,4.0,20,2010-06-09,2010-07-09
2009-07-01,0.0023766410140334,3,Icelanders,3,2009-07-25,0.0160642570281124,4.0,26,2009-07-10,2009-08-09
2012-02-01,0.0037823072073965,4,Icelanders,4,2012-02-03,0.017391304347826,2.0,16,2012-01-19,2012-02-18
2013-11-01,0.0052822713766919,5,Icelanders,5,2013-11-03,0.034090909090909,3.0,12,2013-10-19,2013-11-18
2008-03-01,0.001413368806119,6,Icelanders,6,2008-03-04,0.0104384133611691,5.0,14,2008-02-18,2008-03-19
2012-07-01,0.0034570177460244,7,Icelanders,7,2012-07-07,0.02,3.0,11,2012-06-22,2012-07-22
2020-02-01,0.0082987551867219,8,Icelanders,8,2020-02-24,0.0666666666666666,2.0,8,2020-02-09,2020-03-10
2017-09-01,0.0048102618920363,9,Icelanders,9,2017-09-08,0.0363636363636363,2.0,8,2017-08-24,2017-09-23
2014-10-01,0.0041284403669724,10,Icelanders,10,2014-10-04,0.0425531914893617,2.0,10,2014-09-19,2014-10-19
2014-06-01,0.0886227544910179,1,Islam,1,2014-06-07,0.2571428571428571,9.0,333,2014-05-23,2014-06-22
2015-01-01,0.064066852367688,2,Islam,2,2015-01-13,0.2063492063492063,26.0,186,2014-12-29,2015-01-28
2017-06-01,0.0895341802782819,3,Islam,3,2017-06-11,0.3888888888888889,14.0,159,2017-05-27,2017-06-26
2015-11-01,0.062199036918138,4,Islam,4,2015-11-17,0.303030303030303,10.0,155,2015-11-02,2015-12-02
2016-07-01,0.0683760683760683,5,Islam,5,2016-07-31,0.2777777777777778,20.0,101,2016-07-16,2016-08-15
2008-09-01,0.0115278733654507,6,Islam,6,2008-09-26,0.0858725761772853,31.0,142,2008-09-11,2008-10-11
2013-07-01,0.030827848978178,7,Islam,7,2013-07-21,0.1884057971014492,13.0,89,2013-07-06,2013-08-05
2018-06-01,0.0531716417910447,8,Islam,8,2018-06-25,0.3898305084745763,23.0,62,2018-06-10,2018-07-10
2012-09-01,0.014489420423183,9,Islam,9,2012-09-21,0.0873015873015873,11.0,68,2012-09-06,2012-10-06
2020-09-01,0.0269086357947434,10,Islam,10,2020-09-23,0.1224489795918367,6.0,39,2020-09-08,2020-10-08
2014-07-01,0.0385525870815015,1,Judaism,1,2014-07-19,0.1452991452991453,17.0,89,2014-07-04,2014-08-03
2011-12-01,0.023666343355965,2,Judaism,2,2011-12-27,0.1127450980392156,23.0,94,2011-12-12,2012-01-11
2012-11-01,0.02225,3,Judaism,3,2012-11-27,0.1428571428571428,21.0,101,2012-11-12,2012-12-12
2015-10-01,0.033257403189066,4,Judaism,4,2015-10-18,0.146788990825688,16.0,73,2015-10-03,2015-11-02
2010-06-01,0.0112575914679306,5,Judaism,5,2010-06-02,0.0591133004926108,12.0,78,2010-05-18,2010-06-17
2017-12-01,0.0340579710144927,6,Judaism,6,2017-12-16,0.2,6.0,46,2017-12-01,2017-12-31
2023-12-01,0.0459183673469387,7,Judaism,7,2023-12-16,0.3333333333333333,6.0,36,2023-12-01,2023-12-31
2008-12-01,0.0054739768876531,8,Judaism,8,2008-12-28,0.0594900849858356,21.0,91,2008-12-13,2009-01-12
2008-03-01,0.0047389424675756,9,Judaism,9,2008-03-04,0.0563674321503131,27.0,52,2008-02-18,2008-03-19
2009-09-01,0.0044566335275968,10,Judaism,10,2009-09-26,0.0272277227722772,11.0,59,2009-09-11,2009-10-11
2012-02-01,0.0140785879386425,1,LGBTQIA+,1,2012-02-15,0.0558375634517766,11.0,67,2012-01-31,2012-03-01
2023-04-01,0.0299251870324189,2,LGBTQIA+,2,2023-04-05,0.125,3.0,18,2023-03-21,2023-04-20
2010-09-01,0.005020597322348,3,LGBTQIA+,3,2010-09-12,0.0142857142857142,3.0,54,2010-08-28,2010-09-27
2008-07-01,0.0028645352060617,4,LGBTQIA+,4,2008-07-11,0.0158730158730158,6.0,29,2008-06-26,2008-07-26
2009-02-01,0.0028312570781426,5,LGBTQIA+,5,2009-02-12,0.0116279069767441,5.0,33,2009-01-28,2009-02-27
2009-12-01,0.0035316490084216,6,LGBTQIA+,6,2009-12-06,0.0116731517509727,3.0,49,2009-11-21,2009-12-21
2024-04-01,0.0157480314960629,7,LGBTQIA+,7,2024-04-02,0.1,2.0,13,2024-03-18,2024-04-17
2019-07-01,0.0119156736938588,8,LGBTQIA+,8,2019-07-08,0.0921052631578947,7.0,15,2019-06-23,2019-07-23
2013-08-01,0.0058319039451114,9,LGBTQIA+,9,2013-08-09,0.0245901639344262,3.0,15,2013-07-25,2013-08-24
2012-07-01,0.0041484212952293,10,LGBTQIA+,10,2012-07-14,0.0181818181818181,2.0,18,2012-06-29,2012-07-29
2008-07-01,0.0032341526520051,1,Men,1,2008-07-18,0.0289532293986636,13.0,32,2008-07-03,2008-08-02
2011-08-01,0.0037781212433453,2,Men,2,2011-08-08,0.0594594594594594,11.0,21,2011-07-24,2011-08-23
2018-10-01,0.0067516879219804,3,Men,3,2018-10-12,0.119047619047619,5.0,11,2018-09-27,2018-10-27
2008-02-01,0.0013886478042006,4,Men,4,2008-02-19,0.0083333333333333,3.0,18,2008-02-04,2008-03-05
2020-06-01,0.0058528428093645,5,Men,5,2020-06-08,0.1052631578947368,2.0,7,2020-05-24,2020-06-23
2019-10-01,0.0057971014492753,6,Men,6,2019-10-31,0.1470588235294117,5.0,7,2019-10-16,2019-11-15
2017-12-01,0.0050724637681159,7,Men,7,2017-12-08,0.0555555555555555,2.0,10,2017-11-23,2017-12-23
2009-05-01,0.0012084592145015,9,Men,9,2009-05-20,0.0089820359281437,3.0,10,2009-05-05,2009-06-04
2009-10-01,0.0011605415860735,10,Men,10,2009-10-08,0.0168350168350168,5.0,13,2009-09-23,2009-10-23
2014-07-01,0.0185999323638823,1,Middle East (nationalities),1,2014-07-19,0.0769230769230769,9.0,63,2014-07-04,2014-08-03
2009-01-01,0.0032545726746078,2,Middle East (nationalities),2,2009-01-07,0.0137931034482758,6.0,76,2008-12-23,2009-01-22
2010-06-01,0.0062213005480669,3,Middle East (nationalities),3,2010-06-02,0.0295566502463054,6.0,42,2010-05-18,2010-06-17
2017-12-01,0.0202898550724637,4,Middle East (nationalities),4,2017-12-08,0.0833333333333333,3.0,25,2017-11-23,2017-12-23
2015-09-01,0.0130318129551552,5,Middle East (nationalities),5,2015-09-18,0.0560747663551401,6.0,34,2015-09-03,2015-10-03
2023-12-01,0.0165816326530612,6,Middle East (nationalities),6,2023-12-19,0.0769230769230769,1.0,13,2023-12-04,2024-01-03
2024-05-01,0.0185497470489038,7,Middle East (nationalities),7,2024-05-06,0.1739130434782608,4.0,9,2024-04-21,2024-05-21
2012-11-01,0.00475,8,Middle East (nationalities),8,2012-11-18,0.0509554140127388,8.0,19,2012-11-03,2012-12-03
2018-05-01,0.0096076861489191,9,Middle East (nationalities),9,2018-05-18,0.0754716981132075,4.0,12,2018-05-03,2018-06-02
2008-01-01,0.0015367540339793,10,Middle East (nationalities),10,2008-01-20,0.0123076923076923,4.0,19,2008-01-05,2008-02-04
2011-05-01,0.0064730580825752,1,Nationalities (other),1,2011-05-20,0.0141843971631205,2.0,24,2011-05-05,2011-06-04
2014-08-01,0.0102006120367222,2,Nationalities (other),2,2014-08-30,0.0634920634920634,4.0,23,2014-08-15,2014-09-14
2020-02-01,0.0217842323651452,3,Nationalities (other),3,2020-02-14,0.0952380952380952,2.0,21,2020-01-30,2020-02-29
2018-08-01,0.0175438596491228,4,Nationalities (other),4,2018-08-22,0.054054054054054,2.0,18,2018-08-07,2018-09-06
2012-02-01,0.0058835889892834,5,Nationalities (other),5,2012-02-05,0.01875,3.0,33,2012-01-21,2012-02-20
2008-06-01,0.0025048705816866,6,Nationalities (other),6,2008-06-27,0.0061349693251533,2.0,20,2008-06-12,2008-07-12
2017-06-01,0.0127041742286751,7,Nationalities (other),7,2017-06-22,0.078125,5.0,22,2017-06-07,2017-07-07
2010-09-01,0.0033470648815653,8,Nationalities (other),8,2010-09-08,0.0203045685279187,8.0,29,2010-08-24,2010-09-23
2013-11-01,0.0066028392208649,9,Nationalities (other),9,2013-11-03,0.0227272727272727,2.0,16,2013-10-19,2013-11-18
2015-02-01,0.0066328521264143,10,Nationalities (other),10,2015-02-15,0.0413223140495867,5.0,17,2015-01-31,2015-03-02
2010-08-01,0.021175101803374,1,Religion (other),1,2010-08-05,0.0929487179487179,29.0,168,2010-07-21,2010-08-20
2009-09-01,0.0061707233459033,2,Religion (other),2,2009-09-23,0.03099173553719,15.0,73,2009-09-08,2009-10-08
2010-02-01,0.0086369346733668,3,Religion (other),3,2010-02-19,0.0443548387096774,11.0,67,2010-02-04,2010-03-06
2008-09-01,0.0049036476256022,4,Religion (other),4,2008-09-16,0.0247747747747747,11.0,57,2008-09-01,2008-10-01
2012-07-01,0.0076054390412537,5,Religion (other),5,2012-07-31,0.0215827338129496,3.0,21,2012-07-16,2012-08-15
2012-02-01,0.0071443580584156,6,Religion (other),6,2012-02-15,0.0355329949238578,7.0,34,2012-01-31,2012-03-01
2014-06-01,0.0087824351297405,7,Religion (other),7,2014-06-21,0.0495867768595041,6.0,17,2014-06-06,2014-07-06
2011-08-01,0.0051519835136527,8,Religion (other),8,2011-08-31,0.0211267605633802,6.0,31,2011-08-16,2011-09-15
2017-06-01,0.0060496067755595,9,Religion (other),9,2017-06-06,0.0192307692307692,1.0,13,2017-05-22,2017-06-21
2014-12-01,0.0048406615570794,10,Religion (other),10,2014-12-24,0.02,1.0,14,2014-12-09,2015-01-08
2008-07-01,0.0041581962668637,1,Women,1,2008-07-18,0.0178173719376391,8.0,45,2008-07-03,2008-08-02
2009-11-01,0.004507628294036,2,Women,2,2009-11-24,0.0259259259259259,7.0,42,2009-11-09,2009-12-09
2017-12-01,0.0137681159420289,3,Women,3,2017-12-09,0.0666666666666666,2.0,24,2017-11-24,2017-12-24
2024-04-01,0.0183727034120734,4,Women,4,2024-04-23,0.09375,3.0,12,2024-04-08,2024-05-08
2018-10-01,0.0127531882970742,5,Women,5,2018-10-12,0.119047619047619,5.0,17,2018-09-27,2018-10-27
2010-05-01,0.0034949095882084,6,Women,6,2010-05-19,0.0142857142857142,4.0,22,2010-05-04,2010-06-03
2021-09-01,0.009880028228652,7,Women,7,2021-09-04,0.081081081081081,3.0,12,2021-08-20,2021-09-19
2023-10-01,0.0128956623681125,8,Women,8,2023-10-23,0.0909090909090909,1.0,12,2023-10-08,2023-11-07
2014-06-01,0.0063872255489021,9,Women,9,2014-06-07,0.0285714285714285,1.0,21,2014-05-23,2014-06-22
2023-03-01,0.0134589502018842,10,Women,10,2023-03-25,0.074074074074074,2.0,11,2023-03-10,2023-04-09
