task,label,annotations,annotations_feedback_on,annotations_feedback_off,annotations_not_logged,share_feedback_on,annotators,annotators_ever_on,kappa_fig1_all,kappa_fig1_on,kappa_fig1_off,kappa_ann_on,kappa_ann_on_lo,kappa_ann_on_hi,kappa_ann_off,kappa_ann_off_lo,kappa_ann_off_hi,diff_ann,diff_ann_lo,diff_ann_hi,annotators_both,kappa_ann_on_within,kappa_ann_off_within
sentiment,Sentiment,2901,909,1963,29.0,0.3133402275077559,118,38,0.6051348392874913,0.5739473364374352,0.5675497137436905,0.5394534697479816,0.48558220964505416,0.5682859370852829,0.5078319407793705,0.4756801091997485,0.5384883375082727,0.031621528968611035,-0.030893291609020157,0.07591887851886857,15,0.5571493832800365,0.48519792625611713
politeness,Politeness,1114,591,457,66.0,0.5305206463195691,55,25,0.8024372816767228,0.7670764354591768,0.8130457113507961,0.7454648819060415,0.6111034798534799,0.791570332510837,0.7767036799294864,0.6509186507630844,0.8764418757213541,-0.03123879802344487,-0.20172237575338745,0.10485065723172611,3,1.0,0.7904250122129945
emotion_anger,Anger,665,433,232,0.0,0.6511278195488722,19,10,0.7240938645395947,0.7130675981097185,0.6661722901989866,0.704026584501488,0.6474863107236255,0.917113335321099,0.6766431924882628,0.5303972607631744,0.8297331309798434,0.02738339201322526,-0.13534101942233814,0.2548823027342906,1,1.0,0.6433566433566433
emotion_joy,Joy,673,463,210,0.0,0.687964338781575,16,8,0.6854897884309649,0.6622537018990802,0.6773081990473295,0.6530757703132423,0.35624064252067467,0.8006278323529091,0.6752183406113537,0.46378378378378377,0.7445325490935736,-0.022142570298111397,-0.33989578240421625,0.24241598647872195,0,,
emotion_fear,Fear,434,365,69,0.0,0.8410138248847926,8,5,0.6004390458071125,0.6112420060585662,0.4719517848864163,0.5960981673210145,0.2787851745756431,0.7385183253593357,0.4884430876580899,-0.15384615384615358,0.8135593220338982,0.10765507966292459,-0.3218566494962694,0.7840514241741597,1,1.0,0.547486033519553
toxicity,Toxicity,1970,897,985,88.0,0.45532994923857867,74,33,0.6519246519246519,0.7105003472095318,0.5272175766519102,0.6949709694076751,0.592613064142006,0.7608346112821696,0.5190279783487266,0.42368352850978536,0.6510130832067516,0.1759429910589485,0.009230801657762392,0.291049764651462,7,0.7321830457614404,0.5659708850034663
group_generalization_presence,Group generalizations,772,494,278,0.0,0.6398963730569949,22,12,0.6160507488805393,0.6192145189168428,0.5913349724234168,0.5928274655587142,0.5090535307327994,0.6890926016572846,0.5817163017536577,0.43928390514479004,0.6717160206918592,0.011111163805056501,-0.11790719166815783,0.19407880062797,2,0.7792915531335148,0.6778691455130498
hate_speech_presence,Hate speech,1502,866,636,0.0,0.5765645805592543,48,25,0.6025346401805496,0.6886589421969087,0.4888317352044952,0.655916361690281,0.5766010057055992,0.7526271676611946,0.4592657820423282,0.34263834990804487,0.5961926340300547,0.1966505796479528,0.03794917117514981,0.35168042050003817,6,0.7788180222352253,0.5357561547479486
pooled_7_dimensions,Seven 0-4 dimensions (pooled),7130,4109,2867,,0.576297335203366,109,49,,,,0.6712151977331947,,,0.5807911523367125,,,,,,20,0.7191774316109422,0.6530804318647294
