outcome,contrast,ols_cluster_estimate,ols_cluster_se,user_means_estimate,user_means_se,lmm_estimate,lmm_se
politeness,female - male,0.3667719432326937,0.04994662421064317,0.6578403735819174,0.01534249387284362,0.512732818529242,0.0124791308147545
politeness,unknown - male,-0.34912547818655565,0.056050625363160765,-0.3298312760092161,0.015479635062407824,-0.302200306852525,0.0119818736942708
emotion_joy,female - male,0.6205945462256036,0.055646887260302036,0.9909443965778858,0.02140968109350207,0.795004763547558,0.0141820764073227
emotion_joy,unknown - male,-0.17574568363613727,0.06098636696794478,-0.12290982857207089,0.016581979854106428,-0.112979379463027,0.0136379555366259
emotion_fear,female - male,-0.016861560238282815,0.012653339691428522,-0.05103498282895286,0.007331159785755096,-0.0265862088507032,0.0049586990343152
emotion_fear,unknown - male,0.01644484115985353,0.014083725560529302,0.025817728850584504,0.007556592887564889,0.0230064641976268,0.0049953102771127
emotion_anger,female - male,-0.3355287200127675,0.05284786875106421,-0.6152100266091174,0.01851229012484286,-0.443856330130413,0.0142777973329925
emotion_anger,unknown - male,0.3099324155567838,0.0682670313189863,0.19620206610345836,0.01878514733600758,0.193380360530496,0.0138088009373135
group_generalization_presence,female - male,-0.16501747295803434,0.020199028755651452,-0.1909630970754813,0.009073286334212725,-0.157853661003802,0.0078933793084148
group_generalization_presence,unknown - male,0.07934891476980623,0.025769842224403285,0.0822664652730458,0.011253102769999999,0.0747555590763599,0.007764235778555
toxicity,female - male,-0.361245035203802,0.048198239130409,-0.5642851206943158,0.015796520292973393,-0.449866631309102,0.0133128765275073
toxicity,unknown - male,0.3262218660387312,0.06897421021069518,0.26273282922356206,0.017069598539362612,0.242941347009714,0.0128132596557225
hate_speech_presence,female - male,-0.05199805659486684,0.007541647546921615,-0.04070144201823812,0.005212398113552238,-0.0384875776112119,0.0050947868052405
hate_speech_presence,unknown - male,0.016825717968761162,0.013901484507873325,0.04963946907075316,0.007329113505705513,0.0377848770966977,0.0049406028316393
