outcome,contrast,old_estimate,old_se,old_ci_low,old_ci_high,estimate,se,z,p,p_holm,ci_low,ci_high,label,same_direction,ratio_new_old
toxicity,female - male,-0.5361055555431604,0.0160263477165219,-0.5681582509762043,-0.5040528601101165,-0.449866631309102,0.0133128765275073,-33.791842835737235,2.598846020111718e-250,3.8982690301675766e-249,-0.4759598693030163,-0.42377339331518765,Toxicity,True,0.8391381634784877
toxicity,unknown - male,0.2571435950519105,0.0147788730754242,0.227585848901062,0.2867013412027588,0.242941347009714,0.0128132596557225,18.960151712933918,3.640923817399843e-80,3.640923817399843e-79,0.2178273580844979,0.2680553359349301,Toxicity,True,0.9447691938843377
politeness,female - male,0.6189083222568191,0.0148612347989052,0.5891858526590086,0.6486307918546297,0.512732818529242,0.0124791308147545,41.087222030160994,0.0,0.0,0.4882737221323232,0.5371919149261608,Politeness,True,0.8284471222807066
politeness,unknown - male,-0.3236250126388175,0.0136994376802239,-0.3510238879992654,-0.2962261372783695,-0.302200306852525,0.0119818736942708,-25.22145655708454,2.3301327917539864e-140,2.796159350104784e-139,-0.3256847792932958,-0.27871583441175424,Politeness,True,0.9337977444586351
hate_speech_presence,female - male,-0.0423647912280709,0.0064651215533538,-0.0552950343347786,-0.0294345481213632,-0.0384875776112119,0.0050947868052405,-7.554305819357066,4.210996902110076e-14,1.263299070633023e-13,-0.04847335974948328,-0.028501795472940523,Hate speech,True,0.9084802850559085
hate_speech_presence,unknown - male,0.0463789068434001,0.0059709543190857,0.0344369982052286,0.0583208154815716,0.0377848770966977,0.0049406028316393,7.647827276203179,2.044035130088881e-14,8.176140520355523e-14,0.028101295546684675,0.047468458646710725,Hate speech,True,0.8146996052382084
emotion_anger,female - male,-0.5665499398246361,0.0177380737993345,-0.6020260874233052,-0.531073792225967,-0.443856330130413,0.0142777973329925,-31.087171205657157,3.590581807043493e-212,5.02681452986089e-211,-0.4718408129030783,-0.4158718473577477,Anger,True,0.7834372558009619
emotion_anger,unknown - male,0.1956049390750493,0.0163653159896855,0.1628743070956781,0.2283355710544204,0.193380360530496,0.0138088009373135,14.00413847721945,1.4705213523397772e-44,1.3234692171057996e-43,0.16631511069336155,0.22044561036763047,Anger,True,0.9886271862302016
emotion_joy,female - male,0.9336988126204032,0.0174888674848915,0.8987210776506199,0.9686765475901864,0.795004763547558,0.0141820764073227,56.05700750117729,0.0,0.0,0.7672078937892055,0.8228016333059105,Joy,True,0.8514574001828237
emotion_joy,unknown - male,-0.1264187353319274,0.0161137603948274,-0.1586462561215822,-0.0941912145422726,-0.112979379463027,0.0136379555366259,-8.284187403281319,1.1891822795567566e-16,5.945911397783783e-16,-0.13970977231481377,-0.08624898661124022,Joy,True,0.8936917393326727
emotion_fear,female - male,-0.0446912972962966,0.0070120801688014,-0.0587154576338995,-0.0306671369586937,-0.0265862088507032,0.0049586990343152,-5.361529035483149,8.252045518761103e-08,1.6504091037522206e-07,-0.036305258957960995,-0.016867158743445406,Fear,True,0.5948855920301579
emotion_fear,unknown - male,0.0250779838267519,0.006508127597234,0.0120617286322839,0.0380942390212199,0.0230064641976268,0.0049953102771127,4.60561264893531,4.112532835501031e-06,4.112532835501031e-06,0.01321565605448591,0.032797272340767694,Fear,True,0.9173968831212297
group_generalization_presence,female - male,-0.1840435473936791,0.010138389367076,-0.2043203261278313,-0.163766768659527,-0.157853661003802,0.0078933793084148,-19.998235842476344,5.705521877615724e-89,6.276074065377297e-88,-0.173324684448295,-0.142382637559309,Group generalizations,True,0.8576973397830921
group_generalization_presence,unknown - male,0.0813716976785094,0.0093850336545517,0.0626016303694059,0.1001417649876129,0.0747555590763599,0.007764235778555,9.628192807183483,6.0789139760539e-22,4.25523978323773e-21,0.05953765695039211,0.0899734612023277,Group generalizations,True,0.918692385793779
