outcome,label,gender,estimate,se,z,p,p_holm,ci_low,ci_high
politeness,Politeness,female,0.512732818529242,0.0124791308147545,41.087222030160994,0.0,0.0,0.4882737221323232,0.5371919149261608
politeness,Politeness,unknown,-0.302200306852525,0.0119818736942708,-25.22145655708454,2.3301327917539864e-140,2.796159350104784e-139,-0.3256847792932958,-0.27871583441175424
emotion_joy,Joy,female,0.795004763547558,0.0141820764073227,56.05700750117729,0.0,0.0,0.7672078937892055,0.8228016333059105
emotion_joy,Joy,unknown,-0.112979379463027,0.0136379555366259,-8.284187403281319,1.1891822795567566e-16,5.945911397783783e-16,-0.13970977231481377,-0.08624898661124022
emotion_fear,Fear,female,-0.0265862088507032,0.0049586990343152,-5.361529035483149,8.252045518761103e-08,1.6504091037522206e-07,-0.036305258957960995,-0.016867158743445406
emotion_fear,Fear,unknown,0.0230064641976268,0.0049953102771127,4.60561264893531,4.112532835501031e-06,4.112532835501031e-06,0.01321565605448591,0.032797272340767694
emotion_anger,Anger,female,-0.443856330130413,0.0142777973329925,-31.087171205657157,3.590581807043493e-212,5.02681452986089e-211,-0.4718408129030783,-0.4158718473577477
emotion_anger,Anger,unknown,0.193380360530496,0.0138088009373135,14.00413847721945,1.4705213523397772e-44,1.3234692171057996e-43,0.16631511069336155,0.22044561036763047
group_generalization_presence,Group generalizations,female,-0.157853661003802,0.0078933793084148,-19.998235842476344,5.705521877615724e-89,6.276074065377297e-88,-0.173324684448295,-0.142382637559309
group_generalization_presence,Group generalizations,unknown,0.0747555590763599,0.007764235778555,9.628192807183483,6.0789139760539e-22,4.25523978323773e-21,0.05953765695039211,0.0899734612023277
toxicity,Toxicity,female,-0.449866631309102,0.0133128765275073,-33.791842835737235,2.598846020111718e-250,3.8982690301675766e-249,-0.4759598693030163,-0.42377339331518765
toxicity,Toxicity,unknown,0.242941347009714,0.0128132596557225,18.960151712933918,3.640923817399843e-80,3.640923817399843e-79,0.2178273580844979,0.2680553359349301
hate_speech_presence,Hate speech,female,-0.0384875776112119,0.0050947868052405,-7.554305819357066,4.210996902110076e-14,1.263299070633023e-13,-0.04847335974948328,-0.028501795472940523
hate_speech_presence,Hate speech,unknown,0.0377848770966977,0.0049406028316393,7.647827276203179,2.044035130088881e-14,8.176140520355523e-14,0.028101295546684675,0.047468458646710725
