group,n_total,hate3,hate4,toxic3,toxic4,prop_hate,prop_toxic,n_users,n_nameless_comments,hate_ci_low,hate_ci_high,toxic_ci_low,toxic_ci_high,ci_method,displayed
Islam,5948,1637,2577,2119,3391,0.7084734364492267,0.9263618022864829,811,2,0.6967923190756184,0.7198854464795466,0.9194455572879566,0.9327276793635743,wilson,True
Judaism,2931,707,1483,835,1903,0.7471852610030706,0.9341521664960765,558,0,0.7311340957438274,0.7625893371336171,0.9245929698988071,0.9425748262869045,wilson,True
"Foreigners, asylum seekers, refugees (general)",2134,425,474,942,863,0.42127460168697284,0.8458294283036552,667,0,0.40048510114461494,0.4423470234670254,0.829887966794867,0.8605280572325703,wilson,True
Women,2094,188,324,855,829,0.24450811843361986,0.8042024832855779,795,2,0.22657825204198695,0.26337367187436905,0.7866559037129333,0.8206349831380597,wilson,True
Religious people (general terms),1568,134,155,698,682,0.18431122448979592,0.8801020408163265,394,0,0.1658989997757709,0.20426648705216435,0.8630873432175883,0.8952588585006958,wilson,True
Icelanders,1388,103,118,588,370,0.15922190201729106,0.6902017291066282,555,1,0.1409175914093148,0.17940729616692902,0.6653781281908605,0.7139754229293754,wilson,True
Christianity,1231,191,243,511,572,0.35255889520714867,0.8797725426482534,349,0,0.32636599923245846,0.3796691379853392,0.8604130028492483,0.8967692194685459,wilson,True
Middle East (nationalities),890,173,256,346,426,0.4820224719101124,0.8674157303370786,306,0,0.44934242965258897,0.5148570380670895,0.843548736864074,0.8881246416149984,wilson,True
Men,823,62,54,380,222,0.14094775212636695,0.7314702308626975,431,1,0.11883942070571041,0.16639235656519424,0.7001670339332464,0.7606226324961705,wilson,True
Eastern Europe (nationalities),733,107,118,314,251,0.3069577080491132,0.7708049113233287,270,0,0.27464615562227845,0.3412820788544594,0.7390118613094098,0.7997743256613853,wilson,True
Queer (general/other),645,169,239,228,359,0.6325581395348837,0.9100775193798449,227,0,0.594669349729789,0.6688773112847555,0.8855045433263045,0.9297947764204442,wilson,True
Western Europe (nationalities),590,80,102,218,213,0.30847457627118646,0.7305084745762712,233,1,0.27254562246059333,0.34688142049324167,0.6933002032842368,0.7647345060810593,wilson,True
Nordic countries (nationalities),512,71,80,207,147,0.294921875,0.69140625,237,0,0.2570678911721476,0.33583028246419105,0.6500941921096665,0.7298675124964175,wilson,True
Middle Eastern/Arab (ethnicities),511,124,198,172,284,0.6301369863013698,0.8923679060665362,182,0,0.5874534043975028,0.6708785494910832,0.8625103087465895,0.9163702439550874,wilson,True
North America (nationalities),443,49,58,182,145,0.24153498871331827,0.7381489841986456,212,0,0.2040095801525569,0.2835044016422886,0.6952868456442536,0.7769164287718493,wilson,True
Black/African (ethnicities),406,102,154,158,193,0.6305418719211823,0.8645320197044335,229,0,0.5825740089846542,0.676062587481237,0.82780743130919,0.8944230644823549,wilson,True
East Asia (nationalities),384,57,61,172,117,0.3072916666666667,0.7526041666666666,145,0,0.2632439371840182,0.3551568380966281,0.7070855716221528,0.7931188175369998,wilson,True
Atheism,356,14,15,176,107,0.08146067415730338,0.7949438202247191,111,0,0.057314944156213965,0.11454257060422166,0.749961040972995,0.8336293009743491,wilson,True
White/European (ethnicities),347,81,127,134,165,0.5994236311239193,0.861671469740634,180,0,0.5470488657628647,0.6496211635772655,0.8213690751526246,0.8940537852006027,wilson,True
Homosexuality,345,96,117,115,195,0.6173913043478261,0.8985507246376812,178,0,0.5650796760263622,0.667117495358689,0.8621760735781936,0.9261476564327826,wilson,True
Southern Europe (nationalities),180,14,3,86,26,0.09444444444444444,0.6222222222222222,103,0,0.05980383064834927,0.14603362877695908,0.5495380618647216,0.689798594198884,wilson,True
Multiethnic/General (ethnicities),153,39,56,60,79,0.6209150326797386,0.9084967320261438,115,0,0.541967761007743,0.693939251578129,0.8522726912042017,0.944710459423744,wilson,True
Transgender identities,129,29,47,44,81,0.5891472868217055,0.9689922480620154,63,0,0.5028661010486245,0.6702726178737927,0.9229832552530715,0.9878769616866008,wilson,True
Physical disabilities and general disability terms,101,18,13,51,39,0.3069306930693069,0.8910891089108911,81,0,0.2254362719999442,0.4025734825504953,0.8154299832554899,0.938088719065415,wilson,True
Addiction disorders,88,1,6,46,35,0.07954545454545454,0.9204545454545454,67,0,0.03906485712225404,0.1551988125732235,0.8448011874267765,0.960935142877746,wilson,True
South and Central Asia (nationalities),79,14,20,33,29,0.43037974683544306,0.7848101265822784,64,0,0.32693823434618235,0.5402780103144904,0.6821283191632889,0.8610779526794133,wilson,True
Non-Abrahamic religions,65,12,27,23,35,0.6,0.8923076923076924,45,0,0.4785599934824048,0.7102797002530238,0.7939868641855017,0.9468457804688724,wilson,True
Asians (ethnicities),62,10,19,22,27,0.46774193548387094,0.7903225806451613,45,0,0.3490883297333416,0.5901596749183599,0.6736078510298068,0.8731601071048801,wilson,True
Indigenous peoples (ethnicities),56,8,9,22,14,0.30357142857142855,0.6428571428571429,47,0,0.19900325085369447,0.43335865285724834,0.5119388780139953,0.755434282923501,wilson,True
Mental illnesses/disorders,54,9,5,24,22,0.25925925925925924,0.8518518518518519,45,0,0.16118652626020732,0.3893089050428168,0.733998847163941,0.9229693686239465,wilson,True
Africa (nationalities),53,16,15,21,25,0.5849056603773585,0.8679245283018868,43,0,0.45094422181344385,0.7073909122018602,0.7515974469109508,0.9345214671553674,wilson,True
South America (nationalities),25,7,3,11,7,0.4,0.72,21,0,0.2340330237774797,0.5926054264103301,0.5242339480963842,0.8571614614904344,wilson,True
Latino/Latin Americans (ethnicities),19,6,2,11,5,0.42105263157894735,0.8421052631578947,16,0,0.23141891282454233,0.6372409646574497,0.6243452472967091,0.9447952836146586,wilson,True
Intellectual/Developmental disabilities,17,1,0,10,4,0.058823529411764705,0.8235294117647058,15,0,0.010460400984997592,0.26982030637575405,0.5897054143116587,0.93808873362379,wilson,True
Oceania (nationalities),16,3,6,7,7,0.5625,0.875,15,0,0.331785563988119,0.7690134759450765,0.639771727342413,0.9650225122567595,wilson,True
Bisexuality,2,0,0,1,0,0.0,0.5,2,0,0.0,0.657619772493347,0.09453120573423068,0.9054687942657693,wilson,False
Intersex/Gender minorities,1,0,0,1,0,0.0,1.0,1,0,0.0,0.7934506856227627,0.2065493143772374,1.0,wilson,False
