figure,group,peak,peak_month,abs_rank,event
3,"Foreigners, asylum seekers, refugees (general)",1,2008-05,1,Akranes town council collapses over disagreement about accepting 30 refugees from Iraq. Polarized debate includes both refugee support and overt racism.
3,"Foreigners, asylum seekers, refugees (general)",2,2011-05,8,News report on newly arrived asylum seekers accused of shoplifting. Hostile discussion about welfare abuse and cultural incompatibility.
3,"Foreigners, asylum seekers, refugees (general)",3,2012-05,3,"Teenagers from Algeria convicted for using forged travel documents. Debate centers on what qualifies as racism, and alleged 'importation of criminals'."
3,"Foreigners, asylum seekers, refugees (general)",4,2014-06,2,MP Sveinbjörg Birna Sveinbjörnsdóttir calls for a vote on land allocation for a mosque in Reykjavík. Polarized debate on freedom of religion vs. supposed dangers of (Muslim) immigrants.
3,"Foreigners, asylum seekers, refugees (general)",5,2016-01,7,"Mass sexual assaults and robberies in Cologne on New Year's Eve, with perpetrators reported to include asylum-seekers of Arab and North African origin. Racist debate follows."
3,"Foreigners, asylum seekers, refugees (general)",6,2016-07,4,No mapped event for this peak month
3,"Foreigners, asylum seekers, refugees (general)",7,2017-09,6,UNICEF encourages Icelandic parliament to change recently passed immigration laws to protect refugee children. Racist comments equate refugee children to the luggage of 'criminals who invade the country'.
3,"Foreigners, asylum seekers, refugees (general)",8,2018-06,10,"Political crisis in Germany over asylum policy, dispute between Angela Merkel and Horst Seehofer on refusing entry to assylum seekers. Hostile discussion on Angela Merkel's policy, with misogynistic undertones."
3,"Foreigners, asylum seekers, refugees (general)",9,2019-03,9,"Protests by refugees calling for no more deportations and fair processing of applications lead to confrontations with the police. Discussion depicts migrants as invaders, criminals, or culturally incompatible."
3,"Foreigners, asylum seekers, refugees (general)",10,2020-09,5,Deportation of an Egyptian refugee family from Iceland sparks protests. Polarized discussion centers on claims that Middle Eastern refugees don't assimilate to Icelandic culture.
4,Islam,1,2008-09,6,No mapped event for this peak month
4,Islam,2,2012-09,9,"Publication of Muhammad cartoons and release of the film Innocence of Muslims spark protests across Muslim countries, Western embassy closures, and violence, including the death of US ambassador in Libya. Anti-Muslim rhetoric."
4,Islam,3,2013-07,7,A plot allocated to The Icelandic Muslim Association for mosque construction in Reykjavík. Heated debate and xenophobic criticism.
4,Islam,4,2014-06,1,MP Sveinbjörg Birna Sveinbjörnsdóttir makes it a campaign issue that the city's land allocation for a mosque will be revoked. Xenophobic debate follows.
4,Islam,5,2015-01,2,"Charlie Hebdo shooting. Discussion centers on the alleged dangers of Islam, immigration, and opposition to mosque construction in Reykjavík."
4,Islam,6,2015-11,4,No mapped event for this peak month
4,Islam,7,2016-07,5,"Reports of Islamist attacks in Nice, France, where a truck was driven into crowds celebrating Bastille Day. Hostile generalizations about Muslims, immigrants, and lack of cultural assimilation."
4,Islam,8,2017-06,3,"Reports of Islamist attacks in the UK (London Bridge attack, Manchester attack, and others). Debate frames Muslims as a security threat and culturally incompatible with Western society."
4,Islam,9,2018-06,8,"No event detected. A wave of hostile discourse about Muslims, portraying Islam as inherently violent and incompatible with Western society. Objections to headscarves and mosques."
4,Islam,10,2020-09,10,Reports on an Egyptian family being deported from Iceland. Hostile generalizations about Muslim immigrants and asylum-seekers.
6,LGBTQIA+,1,2008-07,4,Survey reveals that 77% of Christian priests in Iceland are willing to officiate same-sex weddings. Polarized discussion centers on whether homosexuality is sinful or morally acceptable.
6,LGBTQIA+,2,2009-02,5,"Jóhanna Sigurðardóttir becomes the first openly queer prime minister in the world. Discussion includes slurs and hostile generalizations, as well as supportive posts."
6,LGBTQIA+,3,2009-12,6,"Pop singer Friðrik Ómar reports that he isn't allowed to perform at the Pentecostal church because of his homosexuality. Polarized debate, e.g., questions on why he would want to perform in a 'church that hates [gay men]'."
6,LGBTQIA+,4,2010-09,3,"Faroese MP and religious leader Jenis av Rana publicly refused to sit at a dinner with Jóhanna Sigurðardóttir, openly lesbian Prime Minister of Iceland. Discussion includes condemnation as well as homophobia."
6,LGBTQIA+,5,2012-02,1,"Primary-school teacher Snorri Óskarsson blogs that homosexuality is a sin. Debate on hate speech, teachers’ public religious views, and whether schools should fire staff to protect pupils."
6,LGBTQIA+,6,2012-07,10,Snorri Óskarsson fired from his teaching post over his homophobic blog posts. Polarized discussion centers around freedom of speech vs. hate speech.
6,LGBTQIA+,7,2013-08,9,Controversy over a planned visit by U.S. evangelist Franklin Graham (who opposes same-sex marriage). Discussion centers around freedom of speech vs. hate speech.
6,LGBTQIA+,8,2019-07,8,"Iceland passes law on gender autonomy and intersex rights. Severely transphobic discussion follows, equating trans people with paedophiles, mentally ill people, or 'men who invade women's places'."
6,LGBTQIA+,9,2023-04,2,"A mass shooting at a Nashville elementary school reportedly carried out by a trans man. Debate treats the shooter's identity as central, framing trans people as a violent threat."
6,LGBTQIA+,10,2024-04,7,Announcement of Baldur Þórhallsson's presidential candidacy with his husband Felix Bergsson prominently featured. Homophobic discussion with severely transphobic tendencies (Felix Bergsson is an advocate for trans rights).
7,Disability,1,2008-01,5,A photo of a televangelist parking in a disabled space sparked debate on disrespect toward disabled people and alleged exploitation by religious fundraisers. Discussions of 'welfare cheats' and media portrayals of addiction.
7,Disability,2,2008-07,4,"Protests against a rehab facility being placed in a Reykjavík neighborhood. Debate over child safety vs. the need for treatment, broader discussion of addiction stigma and causes."
7,Disability,3,2009-03,3,"News on a large local cannabis bust sparked debate over legalization versus strict punishment, alongside hostile generalizations about drug users and an explicitly ableist remark."
7,Disability,4,2009-09,1,"A blog post mocks drunken men by portraying their postures as yoga poses. Hostile generalizations on substance use and mental illness, debate on whether alcoholism is a disease or a choice."
5,Women,1,2008-07,1,No mapped event for this peak month
5,Women,2,2009-11,2,"Minister of Social Affairs, Árni Páll Árnason, wants gender quotas in corporate boards. Debate vilifies feminists and blames them for social ills."
5,Women,3,2010-05,6,Mary Glasspool becomes first openly lesbian bishop in the Anglican Communion. Debate on women's authority in Christian churches.
5,Women,4,2014-06,9,No mapped event for this peak month
5,Women,5,2017-12,3,"#MeToo movement reaches Iceland. Debate on sexual harassment, gendered power imbalances, and the political and social fallout."
5,Women,6,2018-10,5,University of Reykjavík fires lecturer Kristinn Sigurjónsson over sexist Facebook posts. Leaking of women's responses sparks anti-feminist backlash.
5,Women,7,2021-09,7,"Several members of the Icelandic national football team accused of sexual assault. Debate on the legitimacy of these claims, and accusations of feminists exaggerating victimhood."
5,Women,8,2023-03,10,"Katrín Jakobsdóttir, Prime Minister, and Þórdís KR Gylfadóttir, Minister of Foreign Affairs, travel to Ukraine amid the ongoing war. Criticism of female politicians and feminism causing national decline."
5,Women,9,2023-10,8,No mapped event for this peak month
5,Women,10,2024-04,4,"Criticism of female presidential candidates (particularly then-Prime Minister, Katrín Jakobsdóttir), links feminism to social decay."
4,Judaism,1,2008-03,9,MP Ögmundur Jónasson calls for immediate sever of diplomatic relations with Israel. Polarized debate includes both Islamophobia and antisemitism.
4,Judaism,2,2008-12,8,A major Israeli military operation in Gaza with large numbers of Palestinian civilian casualties and international condemnation. Debate includes accusations of war crimes and media bias.
4,Judaism,3,2009-09,10,No mapped event for this peak month
4,Judaism,4,2010-06,5,"Israeli forces attack Gaza-bound aid flotilla, resulting in multiple deaths and widespread international outcry. Accusations of antisemitism in Icelandic politics and society."
4,Judaism,5,2011-12,2,"Sparked by Haaretz article about Jews in Iceland and the follow-up Icelandic media coverage, debate centers on antisemitism in Iceland and whether criticism of Israel constitutes anti‑Jewish hostility."
4,Judaism,6,2012-11,3,Outbreak of hostilities between Israel and Hamas. Polarized debate on alleged media bias and pro‑ or anti‑Jewish sentiment in Icelandic politics and society.
4,Judaism,7,2014-07,1,"Israeli airstrikes on Gaza and reciprocal rocket attacks by Hamas. Debate includes comparisons to the Holocaust, as well as Islamophobic rhetoric and accusations of antisemitism."
4,Judaism,8,2015-10,4,Debate on whether Israel is committing a genocide against Palestinians and whether framing Israeli actions as genocide constitutes antisemitism.
4,Judaism,9,2017-12,6,Donald Trump recognizes Jerusalem as Israel's capital and announces plans to move US embassy there. Polarized debate includes clearly antisemitic and Islamophobic remarks.
4,Judaism,10,2023-12,7,"Protest at a University of Iceland event, calling for political action and a trade boycott of Israel. Debate includes condemnation of the Israeli genocide and accusations of antisemitism."
4,Christianity,1,2008-01,8,Recent media coverage about Icelandic primary-school law removing references to 'Christian ethics'. Criticism of Christianity in historical and contemporary context.
4,Christianity,2,2008-09,1,"No event detected. Heated debate between Christian and atheist bloggers on creationism vs. Darwinian evolution, each accusing the other of ignorance."
4,Christianity,3,2009-09,3,No mapped event for this peak month
4,Christianity,4,2010-08,7,No mapped event for this peak month
4,Christianity,5,2011-07,10,The terrorist attacks in Norway by Anders Behring Breivik. Debate centers on whether Breivik should be considered Christian and whether such violence is linked to his Christianity.
4,Christianity,6,2012-02,4,Primary-school teacher Snorri Óskarsson's dismissal following his homophobic blogs. Debate on freedom of religion vs. freedom of speech.
4,Christianity,7,2014-06,2,Sveinbjörg Birna Sveinbjörnsdóttir's comments on land allocation for a mosque. Islamophobia and comparison between Christian scripture and Islamic practices.
4,Christianity,8,2015-01,9,"Charlie Hebdo attack. Hostile generalizations about Muslims, claims that left-wing political parties in Iceland favor minorities and thereby undermine the national church."
4,Christianity,9,2015-10,6,"No event detected. Criticism and hostile generalizations about the perceived hypocrisy of Christian institutions and believers, historical violence and misogyny in the church."
4,Christianity,10,2017-06,5,No event detected. Hostile debate frames Muslims as inherently violent terrorists. Responses frame Christianity as equally violent.
5,Men,1,2008-02,4,A news report about Hugh Hefner and his three girlfriends appearing together on the cover of Playboy magazine. Debate on gendered sexual double standards.
5,Men,2,2008-07,1,"Swedish authorities announce new legislation on sex work, criminalizing purchasers and not sex workers. Polarized debate on men who buy sexual services."
5,Men,3,2009-05,9,No mapped event for this peak month
5,Men,4,2009-10,10,A blog post notes that women author very few of the most popular blogs. Rebuttals against feminism and gender representation.
5,Men,5,2011-08,2,"Páll Óskar’s remarks on the white Christian man. Debate includes sarcastic remarks on the alleged dangers of men, and warnings against using recent terrorism in Norway to justify anti-male sentiment."
5,Men,6,2017-12,7,Women in politics share stories of sexual harassment and abuse in an online group. Debate on the credibility of these accounts with sarcastic generalizations portraying men as a threat to women.
5,Men,7,2018-10,3,University of Reykjavík fires Kristinn Sigurjónsson. Discussion centers on men being broadly presumed guilty and the consequences for their careers.
5,Men,8,2019-10,6,The Social Democratic Alliance implements gender quotas for electoral candidate lists. Debate on whether quotas hurt gender equality by limiting men's candidacy opportunities.
5,Men,9,2020-06,5,Comedian Pétur Jóhann Sigfússon recorded making a racist and sexist joke. Debate on identity politics and perceived targeting of (white) men by media and activist movements.
3,Middle East (nationalities),1,2008-01,10,"Reports on power cuts in Gaza causing a humanitarian emergency. Debate centers on who is to blame, Hamas or Israel."
3,Middle East (nationalities),2,2009-01,2,Hamas attack on Israel. Polarized discussion on the war and its consequences on human rights.
3,Middle East (nationalities),3,2010-06,3,"Israeli military raid on the Marvi Marmara aid flotilla, during which multiple people were killed or wounded. Debate on who is to blame, each side calling the other supporters of terrorism."
3,Middle East (nationalities),4,2012-11,8,Escalation of violence between Israel and Hamas. Polarized debate includes Islamophobia and accusations of antisemitism along with criticism of Israeli military actions.
3,Middle East (nationalities),5,2014-07,1,UN Secretary-General Ban Ki-moon calls for ceasefire on Gaza. Polarized discussion centers on the nature of war vs. genocide.
3,Middle East (nationalities),6,2015-09,5,Reykjavík city council agrees to boycott Israeli products during the Israeli occupation of Palestinian territories. Debate pits accusations of antisemtitism against criticism of IDF human rights violations.
3,Middle East (nationalities),7,2017-12,4,Donald Trump announces recognition of Jerusalem as the capital of Israel. Discussion involves fear of renewed violence.
3,Middle East (nationalities),8,2018-05,9,"Protests at the Gaza border coincide with the relocation of the US embassy to Jerusalem, at least 60 Palestinians killed by IDF and thousands injured. Polarized debate on who is responsible, Hamas or Israel."
3,Middle East (nationalities),9,2023-12,6,"Protests and a petition to withdraw Iceland from Eurovision if Israel competes. Debate on the nature of war vs. genocide, includes both overt antisemitism and Islamophobia."
3,Middle East (nationalities),10,2024-05,7,A concert held in protest of Iceland's participation in Eurovision. Highly polarized discussion includes Islamophobia and accusations of antisemitism amid ongoing debate over whther Israeli actions constitute genocide.
3,Eastern Europe (nationalities),1,2008-02,3,"Kosovo declares independence. Debate on whether Iceland should recognize it, xenophobic generalizations about Albanians and Muslims."
3,Eastern Europe (nationalities),2,2008-12,8,No mapped event for this peak month
3,Eastern Europe (nationalities),3,2009-09,9,No mapped event for this peak month
3,Eastern Europe (nationalities),4,2014-08,2,Reports of Russian-supplied military equipment and trained personnel reaching separatists in Ukraine. Debate includes claims of Ukraine being run by neo-Nazis and support for Russian intervention.
3,Eastern Europe (nationalities),5,2015-08,4,"Intensified fighting along the eastern Ukraine ceasefire line. Polarized debate on NATO's response, and Iceland's responsibility to take in refugees."
3,Eastern Europe (nationalities),6,2017-07,10,"Report about pro-Russian separatists in Donetsk and Luhansk, and claims that they are selling factories to Russia. Accusations of neo-Nazi influences in Ukraine."
3,Eastern Europe (nationalities),7,2018-03,5,The nerve agent attack on Sergei and Yulia Skripal in Salisbury leading to British accusations against Russia and diplomatic expulsions. Debate over motives and consequences.
3,Eastern Europe (nationalities),8,2022-04,1,"Photos reveal mass graves and bodies on the streets of Bucha, Ukraine. Debate on Russia's stated justification of fighting neo-Nazis in Ukraine."
3,Eastern Europe (nationalities),9,2022-10,6,"Sabotage of the Nord Stream gas pipelines. Debate on who is to blame, generalizations about Russians and the Western countries."
3,Eastern Europe (nationalities),10,2023-06,7,The Nova Kakhovka dam collapse and subsequent decision to close the Icelandic embassy in Moscow. Hostile generalizations on Russians and NATO countries.
3,Icelanders,1,2008-03,6,MP Ögmundur Jónasson calls for Iceland to immediately sever diplomatic relations with Israel. Debate includes claims that Icelanders are antisemitic.
3,Icelanders,2,2009-07,3,"Iceland formally applies for EU membership (application was eventually withdrawn). Hostile, nationalistic discourse, claims that joining the EU would destroy Iceland's sovereignty."
3,Icelanders,3,2010-06,2,"Currency-swap agreement signed between the Central Bank of Iceland and the People’s Bank of China. Debate includes claims about Chinese involvement in Iceland, framed as a threat to sovereignty."
3,Icelanders,4,2011-05,1,Recurring arguments on whether Iceland should join the EU. Debate centers on sovereignty and national identity.
3,Icelanders,5,2012-02,4,Croatia EU-accession referendum. Heightened debate on Iceland's EU membership application.
3,Icelanders,6,2012-07,7,EU Fisheries Commissioner María Damanaki visits Iceland for accession talks. Debate on EU influence over Icelandic fishing rights and sovereignty.
3,Icelanders,7,2013-11,5,"No event detected. Debate over Icelandic national identity and whether Icelanders display nationalist, exclusionary or a sense of cultural superiority towards immigrants."
3,Icelanders,8,2014-10,10,No mapped event for this peak month
3,Icelanders,9,2017-09,9,News report on the Icelandic government doubling its funding for refugee reception for the following year. Debate featuring xenophobic rhetoric.
3,Icelanders,10,2020-02,8,The first COVID-19 case in Iceland confirmed. Debate centers on related travel advisories and concerns about the lack of quarantine measures for travellers.
3,Ethnicities,1,2008-05,2,"A proposal to resettle a group of Iraqi refugees in Akranes, and public opposition by MP Magnús Þór Hafsteinsson. Debate includes hostile generalizations about Arabs."
3,Ethnicities,2,2009-01,7,Israeli military assault on Gaza. Debate includes hostile generalizations about 'the Arab countries' alleged plan to destroy Israel.
3,Ethnicities,3,2011-08,8,The Norway terrorist attacks by Anders Behring Breivik. Discussion includes hostile generalizations about Arabs and white Christians.
3,Ethnicities,4,2012-07,9,Greek athlete Voula Papachristou barred from participating in the London Olympics due to racist comments on Twitter. Debate centers on free speech.
3,Ethnicities,5,2013-10,3,"News reports on a white child found living with a Roma family in Greece, allegations of child abduction. Debate criticizes racist media and public reactions towards Roma people."
3,Ethnicities,6,2014-08,4,Escalation of hostilities between Israel and Hamas in Gaza. Debate includes anti-Arab hostility and accusations of antisemitism.
3,Ethnicities,7,2016-12,6,Multiple reports of violent crimes allegedly committed by migrants in Germany. Debate includes hostile generalizations about migrants and Arabs.
3,Ethnicities,8,2017-12,10,No mapped event for this peak month
3,Ethnicities,9,2018-07,5,"Arguments about Nelson Mandela's legacy and South Africa's treatment of white people, alongside controversy over a local band performing in blackface. Discussion centers on the nature of racism."
3,Ethnicities,10,2020-06,1,"Ongoing protests following the murder of George Floyd. Polarized discussion on the Black Lives Matter movement, debating systematic racism vs. identity politics."
3,Nationalities (other),1,2008-06,6,A Jordanian group advocates for boycotting Danish products due to the Danish cartoons of the Prophet Muhammad. Islamophobic discussion criticizes the boycott.
3,Nationalities (other),2,2010-09,8,No mapped event for this peak month
3,Nationalities (other),3,2011-05,1,Discussion of the eurozone sovereign debt crisis and institutional responses.
3,Nationalities (other),4,2012-02,5,The Greek parliament approves controversial austerity measures tied to a €130 billion EU bailout. Discussion criticizes the EU.
3,Nationalities (other),5,2013-11,9,"No event detected. Discussion on immigration, cultural integration, and perceived threats from 'Islamization'. Multiple generalizations about Germans, Swedes, and Norwegians."
3,Nationalities (other),6,2014-08,2,Faroese ship Næraberg had engine trouble and was initially denied assistance in Iceland. Polarized debate over whether Iceland's initial refusal of assistance was justified.
3,Nationalities (other),7,2015-02,10,Copenhagen terrorist attacks kill two and wound five at a cultural centre and synagogue. Debate on whether the attacker was a Muslim or a Dane (framing the identities as mutually exclusive).
3,Nationalities (other),8,2017-06,7,Ongoing refugee crisis and subsequent integration challenges in Nordic countries. Islamophobic refrain of refugees as a security risk and calls for stricter immigration policies.
3,Nationalities (other),9,2018-08,4,"Discussion of ongoing conflict between Turkey and the US, framed as economic war sparked by US trade measures by debaters, alongside accusations of Turkey practicing 'hostage politics'."
3,Nationalities (other),10,2020-02,3,"Financial Times story on the Karakax list, reporting on detention criteria and the scale of Uyghur detention in Xinjiang. Discussion criticizes China and other communist regimes."
4,Religion (other),1,2008-09,4,No mapped event for this peak month
4,Religion (other),2,2009-09,2,No mapped event for this peak month
4,Religion (other),3,2010-02,3,"No event detected. Debate over religion vs. atheism, specifically whether the atheist group Vantrú constitutes a religious organization and whether morality can be grounded without god."
4,Religion (other),4,2010-08,1,No mapped event for this peak month
4,Religion (other),5,2011-08,8,Debate on whether religion or atheism is more responsible for violence and moral failure. Participants cite recent news of violence (including Breivik) to argue for or against religion as the root cause of violence.
4,Religion (other),6,2012-02,6,No mapped event for this peak month
4,Religion (other),7,2012-07,5,No mapped event for this peak month
4,Religion (other),8,2014-06,7,No mapped event for this peak month
4,Religion (other),9,2014-12,10,Primary school trips to religious institutions banned in Iceland. Cluster of comments debating perceived attacks on Christian culture and accusations that politicians seek to marginalize the national church.
4,Religion (other),10,2017-06,9,No mapped event for this peak month
