group,n_total,hate3,hate4,toxic3,toxic4,prop_hate,prop_toxic
Islam,5948,1637,2577,2119,3391,0.7084734364492267,0.9263618022864829
Judaism,2931,707,1483,835,1903,0.7471852610030706,0.9341521664960765
"Foreigners, asylum seekers, refugees (general)",2134,425,474,942,863,0.42127460168697284,0.8458294283036552
Women,2094,188,324,855,829,0.24450811843361986,0.8042024832855779
Religious people (general terms),1568,134,155,698,682,0.18431122448979592,0.8801020408163265
Icelanders,1388,103,118,588,370,0.15922190201729106,0.6902017291066282
Christianity,1231,191,243,511,572,0.35255889520714867,0.8797725426482534
Middle East (nationalities),890,173,256,346,426,0.4820224719101124,0.8674157303370786
Men,823,62,54,380,222,0.14094775212636695,0.7314702308626975
Eastern Europe (nationalities),733,107,118,314,251,0.3069577080491132,0.7708049113233287
Queer (general/other),645,169,239,228,359,0.6325581395348837,0.9100775193798449
Western Europe (nationalities),590,80,102,218,213,0.30847457627118646,0.7305084745762712
Nordic countries (nationalities),512,71,80,207,147,0.294921875,0.69140625
Middle Eastern/Arab (ethnicities),511,124,198,172,284,0.6301369863013698,0.8923679060665362
North America (nationalities),443,49,58,182,145,0.24153498871331827,0.7381489841986456
Black/African (ethnicities),406,102,154,158,193,0.6305418719211823,0.8645320197044335
East Asia (nationalities),384,57,61,172,117,0.3072916666666667,0.7526041666666666
Atheism,356,14,15,176,107,0.08146067415730338,0.7949438202247191
White/European (ethnicities),347,81,127,134,165,0.5994236311239193,0.861671469740634
Homosexuality,345,96,117,115,195,0.6173913043478261,0.8985507246376812
Southern Europe (nationalities),180,14,3,86,26,0.09444444444444444,0.6222222222222222
Multiethnic/General (ethnicities),153,39,56,60,79,0.6209150326797386,0.9084967320261438
Transgender identities,129,29,47,44,81,0.5891472868217055,0.9689922480620154
Physical disabilities and general disability terms,101,18,13,51,39,0.3069306930693069,0.8910891089108911
Addiction disorders,88,1,6,46,35,0.07954545454545454,0.9204545454545454
South and Central Asia (nationalities),79,14,20,33,29,0.43037974683544306,0.7848101265822784
Non-Abrahamic religions,65,12,27,23,35,0.6,0.8923076923076924
Asians (ethnicities),62,10,19,22,27,0.46774193548387094,0.7903225806451613
Indigenous peoples (ethnicities),56,8,9,22,14,0.30357142857142855,0.6428571428571429
Mental illnesses/disorders,54,9,5,24,22,0.25925925925925924,0.8518518518518519
Africa (nationalites),53,16,15,21,25,0.5849056603773585,0.8679245283018868
South America (nationalities),25,7,3,11,7,0.4,0.72
Latino/Latin Americans (ethnicities),19,6,2,11,5,0.42105263157894735,0.8421052631578947
Intellectual/Developmental disabilities,17,1,0,10,4,0.058823529411764705,0.8235294117647058
Oceania (nationalities),16,3,6,7,7,0.5625,0.875
Bisexuality,2,0,0,1,0,0.0,0.5
Intersex/Gender minorities,1,0,0,1,0,0.0,1.0
